country,subnational1,threshold,area_ha,extent_2000_ha,extent_2010_ha,gain_2000-2020_ha,tc_loss_ha_2001,tc_loss_ha_2002,tc_loss_ha_2003,tc_loss_ha_2004,tc_loss_ha_2005,tc_loss_ha_2006,tc_loss_ha_2007,tc_loss_ha_2008,tc_loss_ha_2009,tc_loss_ha_2010,tc_loss_ha_2011,tc_loss_ha_2012,tc_loss_ha_2013,tc_loss_ha_2014,tc_loss_ha_2015,tc_loss_ha_2016,tc_loss_ha_2017,tc_loss_ha_2018,tc_loss_ha_2019,tc_loss_ha_2020,tc_loss_ha_2021,tc_loss_ha_2022,tc_loss_ha_2023
India,Andaman and Nicobar,0,761084,761084,761084,2229,1415,1897,1649,213,3566,832,801,1741,844,780,99,771,542,1808,78,183,308,121,197,1423,136,102,98
India,Andaman and Nicobar,10,761084,690589,687885,2229,1411,1889,1634,212,3545,818,797,1740,840,776,98,696,483,1395,73,163,288,109,166,998,124,87,81
India,Andaman and Nicobar,15,761084,688662,684209,2229,1411,1888,1634,212,3543,818,796,1739,840,775,98,695,481,1384,73,162,288,108,166,990,123,86,80
India,Andaman and Nicobar,20,761084,687428,683262,2229,1411,1887,1632,212,3541,818,795,1738,839,775,98,693,479,1374,73,161,287,108,165,982,123,85,80
India,Andaman and Nicobar,25,761084,686301,681337,2229,1411,1887,1632,212,3540,818,794,1738,839,775,98,693,478,1369,73,161,286,107,164,977,123,85,79
India,Andaman and Nicobar,30,761084,684402,679440,2229,1410,1886,1631,211,3539,818,794,1738,838,775,98,692,476,1358,73,160,285,107,163,965,122,85,79
India,Andaman and Nicobar,50,761084,675930,665409,2229,1406,1875,1626,210,3513,813,780,1732,831,769,98,682,467,1297,72,156,281,105,156,912,120,82,76
India,Andaman and Nicobar,75,761084,646075,633979,2229,1378,1833,1591,200,3370,789,714,1690,787,725,95,648,448,1119,67,130,250,89,128,702,102,68,61
India,Andhra Pradesh,0,16004980,16004980,16004980,194340,994,874,1895,1596,1484,1899,2414,3719,3191,1265,4392,2378,4271,4068,2320,6048,6735,9999,7316,5461,3298,4346,19578
India,Andhra Pradesh,10,16004980,1716644,1524973,194340,890,739,1645,1396,1267,1561,1955,3051,2756,1086,3558,1541,1597,2459,1460,3120,3450,3456,2627,1888,1129,1627,4272
India,Andhra Pradesh,15,16004980,1498509,1258302,194340,877,725,1604,1367,1244,1523,1912,2977,2685,1065,3465,1483,1456,2296,1376,2905,3247,2964,2397,1730,1046,1508,3914
India,Andhra Pradesh,20,16004980,1410649,1225329,194340,867,708,1573,1345,1218,1484,1876,2909,2639,1040,3401,1449,1385,2223,1340,2800,3157,2762,2288,1663,1005,1455,3740
India,Andhra Pradesh,25,16004980,1299843,1156908,194340,842,681,1517,1309,1190,1431,1826,2823,2584,1022,3312,1404,1323,2147,1300,2697,3078,2515,2175,1595,966,1400,3569
India,Andhra Pradesh,30,16004980,1105912,999013,194340,836,676,1500,1298,1181,1414,1809,2792,2552,1012,3264,1355,1120,1905,1147,2351,2825,2100,1905,1403,854,1242,2957
India,Andhra Pradesh,50,16004980,745727,514926,194340,685,522,1178,1009,958,1066,1415,2239,2097,856,2668,1079,850,1511,913,1841,2332,1608,1480,1092,667,972,2236
India,Andhra Pradesh,75,16004980,254490,142020,194340,486,344,669,547,619,556,720,1249,1213,494,1323,603,309,531,326,571,896,521,535,402,237,339,746
India,Arunachal Pradesh,0,8199543,8199543,8199543,64907,8855,7151,6531,13204,9015,10013,9844,11255,9255,6063,13103,15644,11284,16147,15258,23294,23546,14387,12468,16246,17710,17651,14204
India,Arunachal Pradesh,10,8199543,6432835,6302553,64907,8678,7059,6453,13008,8905,9865,9649,11080,9125,5970,12584,14650,9573,13487,12754,19596,19612,11780,10040,13162,14805,14996,12061
India,Arunachal Pradesh,15,8199543,6371294,6228242,64907,8641,7034,6432,12918,8878,9834,9619,11049,9105,5953,12534,14534,9459,13306,12584,19353,19363,11590,9855,12967,14579,14789,11889
India,Arunachal Pradesh,20,8199543,6355242,6215927,64907,8625,7023,6424,12885,8867,9820,9602,11035,9094,5946,12497,14464,9381,13200,12494,19232,19238,11500,9762,12864,14471,14695,11810
India,Arunachal Pradesh,25,8199543,6345321,6147654,64907,8608,7011,6413,12830,8855,9806,9586,11021,9084,5937,12471,14412,9332,13122,12433,19136,19143,11437,9695,12780,14389,14615,11751
India,Arunachal Pradesh,30,8199543,6307313,6112509,64907,8592,7001,6404,12793,8847,9793,9572,11005,9071,5928,12445,14346,9269,13033,12346,18994,19002,11340,9599,12672,14264,14492,11656
India,Arunachal Pradesh,50,8199543,6002878,5511731,64907,8407,6888,6297,12447,8712,9614,9393,10826,8930,5819,12129,13856,8783,12225,11596,17982,17910,10672,8958,11929,13459,13747,11066
India,Arunachal Pradesh,75,8199543,5214282,4665671,64907,7643,6308,5785,11246,8047,8836,8660,9942,8322,5326,10996,12308,7084,9717,9258,14731,14482,8454,7059,9635,10904,11312,9168
India,Assam,0,7849232,7849232,7849232,163055,6989,8424,5689,13452,8670,9544,12698,16606,16411,11000,15240,18020,10583,26064,15324,29272,20867,17788,13376,22087,22491,22111,22013
India,Assam,10,7849232,3164948,3010461,163055,6772,8181,5558,13118,8434,9268,12379,16165,16102,10665,14689,17144,9422,23528,13990,26396,18828,15621,11931,19340,19939,19647,18786
India,Assam,15,7849232,3004213,2805440,163055,6729,8127,5518,12997,8354,9175,12250,16028,16007,10569,14523,16933,9292,23245,13826,26087,18548,15350,11718,19002,19603,19322,18443
India,Assam,20,7849232,2949707,2771691,163055,6707,8098,5500,12940,8317,9138,12206,15956,15968,10523,14450,16843,9212,23062,13724,25918,18419,15216,11622,18840,19450,19171,18284
India,Assam,25,7849232,2865905,2713890,163055,6680,8074,5481,12876,8282,9100,12166,15901,15927,10478,14387,16757,9139,22912,13648,25758,18308,15107,11538,18698,19316,19044,18149
India,Assam,30,7849232,2750134,2565500,163055,6662,8055,5467,12846,8258,9071,12132,15860,15886,10445,14324,16660,8973,22553,13450,25390,18009,14803,11315,18341,18956,18726,17792
India,Assam,50,7849232,2290018,2050616,163055,6264,7613,5154,12107,7709,8431,11402,14981,15127,9731,13426,15408,8134,20419,12367,23338,16529,13287,10277,16577,17238,17030,16090
India,Assam,75,7849232,1335358,1104261,163055,4779,5566,3813,9028,5497,6072,8399,11147,11411,6912,9532,10935,4643,10583,7154,13358,9428,7124,5646,8756,9474,9143,8924
India,Bihar,0,9423241,9423241,9423241,42365,177,67,48,131,167,114,88,160,439,206,103,280,198,127,24,25,50,22,21,45,38,26,174
India,Bihar,10,9423241,392645,471777,42365,156,49,34,89,118,79,56,104,313,135,72,128,22,24,6,12,39,11,6,26,14,14,65
India,Bihar,15,9423241,257626,316710,42365,153,46,33,84,115,76,54,100,301,128,69,117,17,18,4,10,38,10,5,23,12,12,52
India,Bihar,20,9423241,233146,299504,42365,151,44,32,82,112,73,50,93,291,123,67,111,16,16,3,10,38,9,5,21,11,11,48
India,Bihar,25,9423241,194110,277083,42365,144,40,30,72,106,69,49,88,262,115,65,101,15,15,2,8,37,9,4,20,10,9,43
India,Bihar,30,9423241,153842,205561,42365,142,40,30,72,105,68,48,87,260,113,64,98,13,12,1,7,37,8,3,15,9,8,36
India,Bihar,50,9423241,87360,91519,42365,107,27,21,44,78,47,33,57,160,80,45,58,7,7,0,3,33,6,2,3,5,1,16
India,Bihar,75,9423241,31623,32205,42365,40,8,9,12,25,18,13,23,31,32,19,27,1,2,0,0,13,1,0,2,2,0,4
India,Chandigarh,0,11812,11812,11812,197,0,0,0,1,1,5,3,2,1,0,0,0,0,0,0,0,0,0,0,0,0,0,0
India,Chandigarh,10,11812,930,1202,197,0,0,0,1,1,5,3,2,1,0,0,0,0,0,0,0,0,0,0,0,0,0,0
India,Chandigarh,15,11812,848,1105,197,0,0,0,1,1,5,3,2,1,0,0,0,0,0,0,0,0,0,0,0,0,0,0
India,Chandigarh,20,11812,809,1089,197,0,0,0,1,1,5,3,2,1,0,0,0,0,0,0,0,0,0,0,0,0,0,0
India,Chandigarh,25,11812,753,1018,197,0,0,0,1,1,5,3,2,1,0,0,0,0,0,0,0,0,0,0,0,0,0,0
India,Chandigarh,30,11812,702,935,197,0,0,0,1,1,5,3,2,1,0,0,0,0,0,0,0,0,0,0,0,0,0,0
India,Chandigarh,50,11812,469,579,197,0,0,0,1,1,3,3,1,0,0,0,0,0,0,0,0,0,0,0,0,0,0,0
India,Chandigarh,75,11812,108,115,197,0,0,0,1,1,2,2,1,0,0,0,0,0,0,0,0,0,0,0,0,0,0,0
India,Chhattisgarh,0,13543155,13543155,13543155,57778,3062,2545,1618,3004,3053,3234,2731,2653,2700,1881,9110,4670,2142,2520,2051,3058,2307,3178,2843,1660,2075,2843,5982
India,Chhattisgarh,10,13543155,3860130,3395320,57778,2875,2271,1452,2613,2697,2756,2372,2215,2380,1502,7998,3956,1813,2108,1725,2777,2078,2902,2599,1405,1879,2564,4044
India,Chhattisgarh,15,13543155,3431974,2844759,57778,2792,2179,1393,2484,2587,2617,2259,2111,2290,1436,7616,3717,1738,2020,1662,2723,2011,2832,2534,1348,1833,2500,3772
India,Chhattisgarh,20,13543155,3276040,2791192,57778,2770,2153,1373,2448,2558,2572,2227,2077,2262,1411,7520,3640,1698,1969,1619,2675,1977,2789,2492,1310,1805,2455,3643
India,Chhattisgarh,25,13543155,3055625,2677448,57778,2651,2062,1309,2324,2452,2442,2129,1962,2175,1366,7200,3464,1634,1886,1567,2626,1932,2741,2445,1264,1758,2411,3480
India,Chhattisgarh,30,13543155,2663574,2284394,57778,2622,2031,1288,2282,2415,2395,2096,1932,2149,1346,7079,3350,1521,1729,1476,2533,1859,2650,2361,1187,1699,2328,3186
India,Chhattisgarh,50,13543155,1472430,748729,57778,1993,1342,774,1238,1469,1361,1373,1145,1508,822,4344,1906,1052,1133,1051,1988,1391,2030,1808,815,1300,1812,2269
India,Chhattisgarh,75,13543155,89636,26537,57778,897,337,139,161,243,195,288,184,415,158,701,444,111,77,102,175,133,157,153,54,97,141,169
India,Dadra and Nagar Haveli,0,49152,49152,49152,425,0,0,0,0,0,1,0,0,0,0,0,0,1,0,0,0,0,0,0,0,0,0,1
India,Dadra and Nagar Haveli,10,49152,7197,1921,425,0,0,0,0,0,0,0,0,0,0,0,0,0,0,0,0,0,0,0,0,0,0,0
India,Dadra and Nagar Haveli,15,49152,3567,898,425,0,0,0,0,0,0,0,0,0,0,0,0,0,0,0,0,0,0,0,0,0,0,0
India,Dadra and Nagar Haveli,20,49152,3116,631,425,0,0,0,0,0,0,0,0,0,0,0,0,0,0,0,0,0,0,0,0,0,0,0
India,Dadra and Nagar Haveli,25,49152,1392,438,425,0,0,0,0,0,0,0,0,0,0,0,0,0,0,0,0,0,0,0,0,0,0,0
India,Dadra and Nagar Haveli,30,49152,457,259,425,0,0,0,0,0,0,0,0,0,0,0,0,0,0,0,0,0,0,0,0,0,0,0
India,Dadra and Nagar Haveli,50,49152,1,1,425,0,0,0,0,0,0,0,0,0,0,0,0,0,0,0,0,0,0,0,0,0,0,0
India,Dadra and Nagar Haveli,75,49152,0,0,425,0,0,0,0,0,0,0,0,0,0,0,0,0,0,0,0,0,0,0,0,0,0,0
India,Daman and Diu,0,8354,8354,8354,168,0,0,0,0,0,0,0,0,0,0,0,0,0,0,0,0,0,0,0,0,0,0,0
India,Daman and Diu,10,8354,816,143,168,0,0,0,0,0,0,0,0,0,0,0,0,0,0,0,0,0,0,0,0,0,0,0
India,Daman and Diu,15,8354,259,39,168,0,0,0,0,0,0,0,0,0,0,0,0,0,0,0,0,0,0,0,0,0,0,0
India,Daman and Diu,20,8354,226,17,168,0,0,0,0,0,0,0,0,0,0,0,0,0,0,0,0,0,0,0,0,0,0,0
India,Daman and Diu,25,8354,25,6,168,0,0,0,0,0,0,0,0,0,0,0,0,0,0,0,0,0,0,0,0,0,0,0
India,Daman and Diu,30,8354,18,3,168,0,0,0,0,0,0,0,0,0,0,0,0,0,0,0,0,0,0,0,0,0,0,0
India,Daman and Diu,50,8354,0,0,168,0,0,0,0,0,0,0,0,0,0,0,0,0,0,0,0,0,0,0,0,0,0,0
India,Daman and Diu,75,8354,0,0,168,0,0,0,0,0,0,0,0,0,0,0,0,0,0,0,0,0,0,0,0,0,0,0
India,Goa,0,369568,369568,369568,4030,9,8,14,17,55,51,67,94,78,10,148,53,42,54,16,152,124,117,77,97,51,69,251
India,Goa,10,369568,198726,165110,4030,7,6,12,15,45,38,58,80,67,8,130,41,28,34,14,104,84,77,55,74,37,38,131
India,Goa,15,369568,178016,142351,4030,7,6,12,14,43,36,57,75,64,8,120,39,24,30,13,97,80,68,52,70,35,33,109
India,Goa,20,369568,172993,138907,4030,7,5,11,14,42,34,57,73,63,7,117,38,23,29,13,93,77,66,50,68,34,31,105
India,Goa,25,369568,160996,134449,4030,7,5,11,14,39,30,55,71,62,5,114,36,22,28,12,88,70,60,47,64,30,28,95
India,Goa,30,369568,146466,116826,4030,7,5,11,14,39,30,55,70,62,5,112,35,19,24,12,81,60,50,42,59,28,24,78
India,Goa,50,369568,87149,55155,4030,6,3,5,10,26,19,46,55,51,2,95,27,9,15,9,42,28,26,18,23,12,8,23
India,Goa,75,369568,26048,17751,4030,4,1,2,5,9,7,17,21,20,0,29,10,2,4,4,9,10,10,7,3,2,1,4
India,Gujarat,0,18572011,18572011,18572011,41730,14,6,6,9,9,8,10,21,13,8,12,41,75,31,0,0,0,8,11,4,30,3,2132
India,Gujarat,10,18572011,168453,59158,41730,12,3,3,5,6,5,8,19,10,5,10,21,18,10,0,0,0,1,1,0,2,0,39
India,Gujarat,15,18572011,82478,26229,41730,11,3,3,5,6,5,8,19,9,5,10,18,13,9,0,0,0,1,1,0,1,0,16
India,Gujarat,20,18572011,69116,18857,41730,11,3,3,5,6,5,8,19,9,5,9,17,10,8,0,0,0,0,0,0,1,0,13
India,Gujarat,25,18572011,37329,12197,41730,10,3,2,5,5,4,7,19,9,4,9,15,7,7,0,0,0,0,0,0,0,0,4
India,Gujarat,30,18572011,17927,7023,41730,10,2,2,4,5,4,7,19,8,4,9,15,4,6,0,0,0,0,0,0,0,0,2
India,Gujarat,50,18572011,969,60,41730,7,1,1,3,2,2,4,13,5,2,5,6,0,1,0,0,0,0,0,0,0,0,0
India,Gujarat,75,18572011,91,2,41730,1,0,0,1,0,0,1,5,1,1,0,1,0,0,0,0,0,0,0,0,0,0,0
India,Haryana,0,4402448,4402448,4402448,9788,42,56,60,116,118,101,174,107,133,100,45,110,52,30,0,3,1,8,42,16,18,9,196
India,Haryana,10,4402448,50010,50460,9788,26,17,18,56,30,47,51,30,56,43,20,52,3,2,0,1,0,0,9,3,2,1,16
India,Haryana,15,4402448,47675,45504,9788,26,16,18,54,29,46,49,29,54,41,19,50,3,2,0,1,0,0,8,2,2,1,15
India,Haryana,20,4402448,46391,44883,9788,25,16,16,51,25,43,44,25,52,40,19,49,2,2,0,1,0,0,7,2,2,1,14
India,Haryana,25,4402448,44665,43453,9788,25,15,16,51,24,43,44,25,52,40,18,49,2,2,0,1,0,0,7,2,2,1,14
India,Haryana,30,4402448,42647,40007,9788,25,15,16,50,24,42,44,25,51,40,18,48,2,2,0,1,0,0,7,2,2,1,13
India,Haryana,50,4402448,33018,28437,9788,20,9,11,40,16,30,29,17,43,33,12,41,1,1,0,1,0,0,6,1,2,1,7
India,Haryana,75,4402448,16610,12038,9788,14,5,4,26,8,15,13,9,31,20,8,23,1,1,0,0,0,0,3,1,1,0,4
India,Himachal Pradesh,0,5560349,5560349,5560349,42350,365,362,96,751,360,230,393,280,460,242,63,760,105,84,28,20,108,225,263,119,197,305,700
India,Himachal Pradesh,10,5560349,1554236,1386813,42350,352,344,89,727,339,210,368,263,438,224,55,732,74,62,18,16,87,187,180,82,136,218,366
India,Himachal Pradesh,15,5560349,1479500,1277760,42350,350,342,89,723,336,207,364,261,435,222,54,726,71,60,17,16,86,183,173,78,131,212,349
India,Himachal Pradesh,20,5560349,1454343,1262965,42350,348,341,88,721,335,206,362,260,431,221,53,723,69,59,16,16,86,183,171,77,129,209,341
India,Himachal Pradesh,25,5560349,1418382,1198413,42350,347,340,88,718,333,205,360,259,429,220,53,720,68,58,15,15,86,181,168,75,128,207,327
India,Himachal Pradesh,30,5560349,1367108,1147923,42350,344,338,88,716,332,204,358,258,429,219,53,717,65,55,13,14,85,177,162,72,122,202,308
India,Himachal Pradesh,50,5560349,1075540,784168,42350,306,312,79,669,303,175,321,237,394,200,45,647,49,38,7,9,70,153,130,55,97,166,210
India,Himachal Pradesh,75,5560349,548232,355045,42350,197,225,52,482,216,114,211,168,312,146,31,456,21,15,1,3,44,101,59,22,42,78,74
India,Jammu and Kashmir,0,10566005,10566005,10566005,57484,109,420,174,930,189,549,251,292,267,312,89,433,77,84,3,19,87,103,39,64,72,57,272
India,Jammu and Kashmir,10,10566005,1302403,1135724,57484,100,409,165,904,174,536,230,274,255,298,82,408,36,49,2,6,67,78,28,44,47,29,124
India,Jammu and Kashmir,15,10566005,1192437,1016987,57484,100,407,164,898,172,529,227,272,252,293,81,404,34,46,2,6,66,77,28,43,44,28,116
India,Jammu and Kashmir,20,10566005,1163216,996294,57484,99,405,164,894,171,525,224,270,251,291,81,402,32,44,2,5,66,76,28,42,43,27,111
India,Jammu and Kashmir,25,10566005,1119102,914070,57484,99,402,163,891,169,522,221,268,249,289,81,400,30,44,2,5,66,75,27,42,42,27,106
India,Jammu and Kashmir,30,10566005,1073020,872419,57484,99,400,162,890,168,519,220,267,249,288,80,399,28,41,1,5,65,72,26,41,38,25,100
India,Jammu and Kashmir,50,10566005,795512,543443,57484,86,367,138,782,146,432,179,233,221,241,67,363,17,27,0,4,63,64,22,36,22,17,60
India,Jammu and Kashmir,75,10566005,423043,262575,57484,49,270,66,479,97,240,85,158,141,134,35,263,5,7,0,1,52,49,14,20,7,8,21
India,Jharkhand,0,8003988,8003988,8003988,61611,721,168,91,353,432,665,398,659,1089,722,294,640,610,730,341,424,967,452,503,554,333,232,1689
India,Jharkhand,10,8003988,1165335,744316,61611,669,105,51,214,315,518,271,424,900,461,219,409,299,331,188,284,608,305,317,356,210,150,720
India,Jharkhand,15,8003988,904607,498754,61611,662,99,47,201,304,502,256,387,874,425,205,373,224,248,148,244,489,247,253,289,176,121,576
India,Jharkhand,20,8003988,836921,469995,61611,660,96,45,196,300,495,252,377,864,413,202,362,208,225,140,230,461,232,238,273,166,113,538
India,Jharkhand,25,8003988,716768,428239,61611,647,92,42,186,289,481,242,355,849,390,193,344,185,199,124,212,404,209,216,248,153,102,469
India,Jharkhand,30,8003988,556330,316745,61611,645,90,41,183,287,475,239,344,843,381,188,332,133,142,91,167,306,161,169,199,122,80,360
India,Jharkhand,50,8003988,109017,29748,61611,574,39,18,101,224,356,158,153,698,208,125,172,16,17,14,29,41,24,22,41,22,9,57
India,Jharkhand,75,8003988,2053,1163,61611,327,8,4,23,88,111,42,26,240,63,36,27,0,1,0,0,0,0,0,0,0,0,0
India,Karnataka,0,19137912,19137912,19137912,222397,1840,1107,1396,1588,2533,1417,4706,2799,2534,937,2420,3476,4776,4800,3006,6957,6646,7806,5936,7221,6325,7604,19143
India,Karnataka,10,19137912,2741138,2409140,222397,1786,1043,1292,1461,2370,1229,4394,2605,2389,918,1928,2808,2736,2909,1865,4325,4080,4519,3241,3616,3340,4040,6803
India,Karnataka,15,19137912,2582050,2181454,222397,1777,1033,1274,1435,2335,1199,4311,2558,2358,912,1871,2726,2561,2701,1753,4029,3787,4214,2979,3311,3094,3730,6266
India,Karnataka,20,19137912,2507158,2148290,222397,1771,1028,1266,1424,2311,1180,4272,2535,2342,909,1836,2689,2453,2584,1683,3848,3618,4040,2830,3136,2962,3554,5978
India,Karnataka,25,19137912,2417109,2070927,222397,1757,1015,1239,1394,2270,1145,4185,2479,2303,902,1786,2622,2316,2432,1598,3638,3392,3843,2654,2913,2794,3344,5617
India,Karnataka,30,19137912,2276202,1881782,222397,1751,1008,1227,1381,2246,1130,4145,2455,2286,898,1745,2546,2119,2230,1480,3310,3060,3537,2412,2619,2537,2985,5021
India,Karnataka,50,19137912,1758402,1016701,222397,1622,896,1041,1169,1909,914,3525,2045,2004,827,1432,2158,1373,1461,976,2140,1955,2453,1626,1730,1675,1954,3374
India,Karnataka,75,19137912,573872,97610,222397,1181,495,568,611,858,396,1539,795,984,484,499,985,261,281,163,410,361,451,369,371,361,381,740
India,Kerala,0,3770052,3770052,3770052,18432,763,1077,1866,1654,1533,2004,4646,3291,1113,215,5270,4303,3435,4677,3177,8423,11067,7396,8230,7595,6002,7590,15024
India,Kerala,10,3770052,2878531,2649874,18432,755,1060,1825,1623,1492,1944,4487,3171,1078,209,5079,3961,3003,4079,2842,7598,10182,6730,7771,7170,5563,6881,13307
India,Kerala,15,3770052,2813974,2514752,18432,753,1054,1812,1614,1484,1932,4454,3146,1069,208,5039,3928,2961,4019,2814,7517,10092,6635,7704,7104,5508,6786,13094
India,Kerala,20,3770052,2777102,2469728,18432,750,1047,1803,1605,1476,1915,4424,3124,1062,207,4999,3892,2913,3959,2785,7432,10012,6550,7644,7058,5461,6717,12927
India,Kerala,25,3770052,2725406,2397171,18432,746,1038,1790,1590,1465,1899,4376,3099,1054,206,4951,3846,2880,3919,2763,7370,9941,6485,7585,7008,5420,6645,12774
India,Kerala,30,3770052,2598221,2276879,18432,744,1031,1778,1580,1458,1885,4344,3076,1048,204,4909,3787,2800,3823,2710,7187,9722,6273,7418,6850,5299,6468,12375
India,Kerala,50,3770052,2207800,1738745,18432,696,926,1597,1429,1322,1661,3871,2772,936,183,4418,3404,2431,3344,2418,6315,8734,5386,6607,6142,4762,5685,10778
India,Kerala,75,3770052,1138792,655109,18432,424,473,939,778,680,793,1842,1336,421,72,2100,1834,1143,1600,1295,2797,4188,2474,3310,3079,2418,2713,4792
India,Lakshadweep,0,3482,3482,3482,0,0,0,0,0,0,0,0,0,0,0,0,0,0,0,0,0,0,0,0,0,0,0,0
India,Lakshadweep,10,3482,0,0,0,0,0,0,0,0,0,0,0,0,0,0,0,0,0,0,0,0,0,0,0,0,0,0
India,Lakshadweep,15,3482,0,0,0,0,0,0,0,0,0,0,0,0,0,0,0,0,0,0,0,0,0,0,0,0,0,0
India,Lakshadweep,20,3482,0,0,0,0,0,0,0,0,0,0,0,0,0,0,0,0,0,0,0,0,0,0,0,0,0,0
India,Lakshadweep,25,3482,0,0,0,0,0,0,0,0,0,0,0,0,0,0,0,0,0,0,0,0,0,0,0,0,0,0
India,Lakshadweep,30,3482,0,0,0,0,0,0,0,0,0,0,0,0,0,0,0,0,0,0,0,0,0,0,0,0,0,0
India,Lakshadweep,50,3482,0,0,0,0,0,0,0,0,0,0,0,0,0,0,0,0,0,0,0,0,0,0,0,0,0,0
India,Lakshadweep,75,3482,0,0,0,0,0,0,0,0,0,0,0,0,0,0,0,0,0,0,0,0,0,0,0,0,0,0
India,Madhya Pradesh,0,30805387,30805387,30805387,46558,778,553,529,759,981,1168,846,819,725,283,1089,840,835,905,489,709,535,405,127,343,54,145,1235
India,Madhya Pradesh,10,30805387,2304152,1696728,46558,707,469,430,647,827,995,660,668,609,234,946,586,584,638,387,557,445,351,110,328,41,122,462
India,Madhya Pradesh,15,30805387,1780312,1233430,46558,684,437,402,609,771,946,613,617,561,216,878,499,513,569,356,510,409,329,105,317,34,105,360
India,Madhya Pradesh,20,30805387,1636993,1177042,46558,679,433,397,601,763,936,601,606,554,212,869,480,484,540,343,493,392,319,101,309,32,94,314
India,Madhya Pradesh,25,30805387,1377052,1091783,46558,636,394,353,537,710,856,540,567,517,205,820,441,453,510,321,460,356,302,96,303,30,89,270
India,Madhya Pradesh,30,30805387,1078084,866764,46558,631,386,346,527,697,839,527,555,508,202,803,401,374,435,271,386,274,269,87,287,26,75,202
India,Madhya Pradesh,50,30805387,441156,166113,46558,397,213,170,254,345,424,244,300,327,139,469,151,136,182,95,149,100,127,45,195,14,24,71
India,Madhya Pradesh,75,30805387,15065,6822,46558,185,94,47,64,52,56,38,28,45,18,46,17,2,6,1,3,2,7,0,1,0,0,1
India,Maharashtra,0,30733885,30733885,30733885,52691,1250,907,766,2103,1220,1253,1305,1390,2325,586,2811,2004,1550,1809,814,2161,1819,2165,2192,1586,1235,1564,5389
India,Maharashtra,10,30733885,2429365,1638467,52691,1114,795,638,1811,1027,997,1033,1124,1904,506,2429,1602,867,1232,561,1355,1225,1353,1471,1027,757,1074,2640
India,Maharashtra,15,30733885,1806355,1214221,52691,1062,754,598,1705,975,925,959,1054,1787,471,2252,1457,736,1119,517,1231,1128,1206,1353,924,680,982,2244
India,Maharashtra,20,30733885,1677774,1165919,52691,1050,746,588,1683,961,907,941,1033,1758,459,2214,1409,684,1063,494,1161,1073,1139,1298,885,646,940,2119
India,Maharashtra,25,30733885,1408073,1100022,52691,970,699,535,1574,902,826,863,964,1632,430,2071,1306,602,979,454,1071,986,1031,1213,818,593,873,1920
India,Maharashtra,30,30733885,1073403,879200,52691,954,688,519,1547,887,809,842,940,1599,423,2022,1223,466,828,395,885,804,806,1027,676,485,737,1497
India,Maharashtra,50,30733885,535223,206943,52691,708,430,275,954,521,397,495,541,925,252,1134,542,159,344,207,363,273,287,476,309,214,379,708
India,Maharashtra,75,30733885,12215,4436,52691,313,64,33,177,78,42,55,53,108,27,99,63,6,12,5,7,3,7,14,8,4,8,12
India,Manipur,0,2232073,2232073,2232073,15758,4471,4344,5018,5389,5008,5505,4386,5998,6327,4416,6556,9431,14525,19288,18353,25441,23511,18158,17234,19570,20599,15643,17567
India,Manipur,10,2232073,1764568,1773766,15758,4396,4282,4906,5313,4925,5418,4316,5928,6240,4364,6358,8968,12930,17237,16301,22562,20576,15660,14916,16802,17894,13379,14832
India,Manipur,15,2232073,1741041,1750043,15758,4375,4265,4873,5288,4898,5395,4300,5912,6218,4349,6335,8907,12772,17022,16090,22272,20285,15387,14681,16516,17592,13128,14565
India,Manipur,20,2232073,1732528,1740012,15758,4356,4251,4853,5272,4881,5379,4289,5900,6206,4342,6314,8861,12641,16884,15962,22101,20093,15246,14562,16372,17439,13010,14446
India,Manipur,25,2232073,1718105,1724454,15758,4346,4247,4843,5263,4871,5370,4282,5894,6194,4337,6301,8832,12534,16731,15812,21929,19919,15075,14414,16190,17268,12864,14278
India,Manipur,30,2232073,1703677,1708038,15758,4335,4239,4828,5252,4859,5354,4275,5885,6180,4330,6288,8796,12432,16592,15670,21748,19752,14925,14276,16025,17090,12717,14105
India,Manipur,50,2232073,1611547,1614145,15758,4192,4142,4660,5103,4680,5173,4142,5765,5999,4231,6099,8354,11447,15357,14495,20233,18248,13673,13139,14680,15742,11673,12914
India,Manipur,75,2232073,1202141,1250333,15758,3347,3468,3677,4184,3765,4181,3459,4945,4924,3622,5116,6740,7468,9981,9643,13773,12143,8782,8601,9187,10283,7532,8454
India,Meghalaya,0,2251620,2251620,2251620,23721,4676,3729,2259,5879,4380,5341,6755,7402,5260,6734,5811,6274,9654,21816,19432,24612,26762,17321,15134,15822,13113,13473,14666
India,Meghalaya,10,2251620,1795672,1731907,23721,4653,3712,2246,5836,4350,5303,6698,7342,5218,6678,5747,6033,8875,20129,18146,22594,24649,15825,14070,14425,11951,12385,13546
India,Meghalaya,15,2251620,1751141,1674603,23721,4646,3704,2242,5824,4340,5292,6683,7326,5207,6662,5730,5974,8712,19711,17842,22112,24131,15468,13801,14144,11726,12183,13337
India,Meghalaya,20,2251620,1736197,1659841,23721,4639,3697,2239,5815,4334,5285,6674,7315,5201,6652,5721,5949,8643,19565,17729,21955,23959,15347,13718,14040,11638,12105,13260
India,Meghalaya,25,2251620,1720659,1632489,23721,4635,3693,2237,5807,4328,5279,6663,7305,5194,6643,5712,5926,8589,19460,17649,21846,23838,15257,13656,13961,11579,12039,13194
India,Meghalaya,30,2251620,1683888,1592783,23721,4629,3687,2234,5798,4320,5272,6651,7292,5184,6631,5699,5874,8432,19099,17347,21444,23414,14943,13401,13710,11368,11839,13002
India,Meghalaya,50,2251620,1527311,1354301,23721,4527,3586,2176,5627,4185,5117,6457,7079,5050,6444,5532,5543,7779,17559,16147,19885,21731,13758,12499,12756,10591,11076,12229
India,Meghalaya,75,2251620,852277,676737,23721,3514,2656,1676,4302,3125,3919,4970,5469,3914,4983,4284,3846,4165,8442,8523,10598,11569,7051,6674,7014,6037,6568,7568
India,Mizoram,0,2125175,2125175,2125175,16562,5117,4598,3993,5244,5057,3867,1699,3892,4443,3050,3572,7621,12189,20896,25559,39167,47603,29830,27678,29674,31906,22769,22315
India,Mizoram,10,2125175,1983904,1869164,16562,5029,4520,3927,5142,4945,3826,1689,3855,4397,3019,3396,7006,10792,18637,23161,35188,42849,26198,24409,25541,28676,20174,19938
India,Mizoram,15,2125175,1965991,1853484,16562,4995,4495,3912,5113,4923,3815,1685,3848,4388,3010,3376,6930,10632,18343,22814,34653,42197,25702,23937,25006,28192,19777,19596
India,Mizoram,20,2125175,1956647,1847464,16562,4983,4484,3904,5097,4911,3808,1683,3843,4382,3007,3366,6882,10521,18159,22605,34308,41828,25413,23699,24716,27928,19575,19422
India,Mizoram,25,2125175,1948528,1836889,16562,4976,4478,3899,5089,4904,3802,1682,3837,4377,3003,3359,6851,10445,18027,22453,34058,41550,25189,23510,24506,27723,19424,19285
India,Mizoram,30,2125175,1931959,1810236,16562,4955,4465,3889,5071,4890,3795,1681,3831,4370,2997,3349,6810,10327,17759,22109,33606,40992,24750,23095,24060,27274,19098,18999
India,Mizoram,50,2125175,1854911,1738252,16562,4850,4387,3796,4923,4735,3704,1662,3758,4287,2946,3263,6425,9544,16388,20500,31146,38210,22729,21303,22020,25299,17627,17687
India,Mizoram,75,2125175,1475284,1356090,16562,3836,3578,3151,4041,3890,3173,1502,3178,3661,2516,2783,5029,6262,10235,13275,20639,25878,14117,13432,13693,16542,11209,11651
India,NCT of Delhi,0,150220,150220,150220,512,1,0,1,2,4,4,10,9,6,5,2,6,1,0,0,0,0,0,0,0,0,0,4
India,NCT of Delhi,10,150220,783,464,512,0,0,0,1,1,1,3,3,1,1,0,2,0,0,0,0,0,0,0,0,0,0,0
India,NCT of Delhi,15,150220,534,286,512,0,0,0,1,1,1,3,3,1,1,0,2,0,0,0,0,0,0,0,0,0,0,0
India,NCT of Delhi,20,150220,463,266,512,0,0,0,1,1,1,3,3,1,1,0,1,0,0,0,0,0,0,0,0,0,0,0
India,NCT of Delhi,25,150220,371,225,512,0,0,0,1,1,1,3,3,1,1,0,1,0,0,0,0,0,0,0,0,0,0,0
India,NCT of Delhi,30,150220,263,122,512,0,0,0,1,1,1,3,3,1,1,0,1,0,0,0,0,0,0,0,0,0,0,0
India,NCT of Delhi,50,150220,35,14,512,0,0,0,0,0,1,2,1,1,1,0,1,0,0,0,0,0,0,0,0,0,0,0
India,NCT of Delhi,75,150220,3,1,512,0,0,0,0,0,0,0,0,0,0,0,0,0,0,0,0,0,0,0,0,0,0,0
India,Nagaland,0,1659962,1659962,1659962,30302,12792,8117,7449,10292,9211,7227,5137,6776,7532,4993,7534,14630,17301,28652,26233,30967,33582,25128,17905,24380,19326,14601,15571
India,Nagaland,10,1659962,1357617,1375525,30302,12555,7922,7273,10033,9011,7127,5042,6630,7366,4889,6878,11655,12451,20718,18514,21625,21922,15784,12055,16350,13681,10579,11417
India,Nagaland,15,1659962,1337900,1353401,30302,12483,7869,7235,9968,8957,7101,5019,6604,7334,4868,6833,11477,12176,20294,18114,21211,21454,15395,11799,15977,13394,10372,11186
India,Nagaland,20,1659962,1330964,1345939,30302,12422,7817,7209,9920,8919,7080,5005,6582,7303,4852,6805,11333,12034,20085,17921,20998,21203,15186,11659,15773,13252,10273,11080
India,Nagaland,25,1659962,1323041,1329512,30302,12385,7795,7189,9888,8896,7064,4994,6567,7284,4838,6783,11242,11902,19879,17728,20784,20968,14975,11515,15583,13109,10177,10970
India,Nagaland,30,1659962,1310344,1316867,30302,12333,7759,7162,9845,8864,7045,4974,6539,7250,4820,6749,11113,11716,19591,17451,20453,20558,14666,11280,15283,12885,10002,10805
India,Nagaland,50,1659962,1237705,1231879,30302,11999,7515,6985,9547,8576,6848,4823,6343,7015,4682,6522,10155,10380,17367,15579,18331,18142,12725,9916,13332,11480,8972,9788
India,Nagaland,75,1659962,939432,936180,30302,10087,6130,5822,7852,6991,5791,4004,5288,5680,3884,5430,7653,6553,10947,9954,12228,11590,7691,6160,7988,7323,5758,6509
India,Odisha,0,15563805,15563805,15563805,139736,3301,4593,5972,5304,4185,5066,6958,6882,5421,2856,7019,5332,10230,14171,7535,16567,19824,19021,15368,18157,9278,15535,30514
India,Odisha,10,15563805,3776619,2871816,139736,3110,4230,5605,4761,3807,4495,6221,6212,5005,2547,6041,4325,6896,9692,5022,10857,13168,12779,10118,11696,6242,10235,16286
India,Odisha,15,15563805,3395657,2414203,139736,3065,4133,5518,4645,3733,4394,6090,6103,4920,2483,5858,4114,6362,8940,4629,9960,12048,11726,9227,10678,5782,9413,14594
India,Odisha,20,15563805,3251213,2359152,139736,3044,4086,5483,4596,3695,4347,6031,6057,4878,2458,5797,4030,6090,8569,4435,9543,11553,11242,8851,10219,5554,9031,13827
India,Odisha,25,15563805,3018419,2248464,139736,2997,4007,5412,4498,3632,4263,5932,5980,4822,2417,5664,3921,5858,8217,4247,9153,11096,10777,8498,9786,5348,8672,13104
India,Odisha,30,15563805,2680194,1916558,139736,2977,3976,5382,4462,3602,4226,5886,5939,4790,2394,5593,3779,5353,7491,3867,8340,10130,9792,7759,8873,4889,7915,11660
India,Odisha,50,15563805,1567786,557375,139736,2502,2976,4355,3307,2763,3104,4518,4691,3947,1778,4216,2647,3495,4716,2391,5193,6379,6159,4827,5543,3193,5048,6924
India,Odisha,75,15563805,104806,31907,139736,1360,1173,1851,1190,1113,1011,1433,1567,1551,652,1561,846,216,245,118,262,382,491,316,331,185,273,391
India,Puducherry,0,54733,54733,54733,604,2,2,1,2,5,2,16,19,9,2,8,14,11,7,4,99,27,38,42,130,64,49,83
India,Puducherry,10,54733,8611,8860,604,2,2,1,2,5,2,15,18,8,2,5,5,5,4,3,31,11,13,12,20,18,28,42
India,Puducherry,15,54733,8011,7252,604,2,2,1,2,5,2,15,17,8,2,5,5,5,4,3,30,10,12,11,19,17,26,40
India,Puducherry,20,54733,7811,6939,604,2,2,1,2,5,2,15,17,8,2,5,5,5,4,3,29,10,11,10,19,16,25,39
India,Puducherry,25,54733,7529,6505,604,1,2,1,2,5,2,14,17,8,2,5,5,5,4,3,28,10,11,10,18,16,24,38
India,Puducherry,30,54733,6911,5557,604,1,2,1,2,5,2,14,16,8,2,5,4,5,4,3,27,9,10,9,17,16,22,37
India,Puducherry,50,54733,5125,2610,604,1,1,1,2,4,2,13,15,7,2,5,4,5,4,2,22,7,8,6,14,12,14,29
India,Puducherry,75,54733,1258,130,604,1,0,0,0,0,1,4,5,1,0,1,1,1,1,1,6,2,2,1,4,2,4,6
India,Punjab,0,5022577,5022577,5022577,21485,131,109,122,162,212,130,165,163,138,180,78,234,106,98,5,3,0,49,172,258,364,357,812
India,Punjab,10,5022577,93790,92112,21485,106,83,89,119,151,92,108,97,89,121,51,147,22,35,2,1,0,11,13,14,28,29,57
India,Punjab,15,5022577,88135,82215,21485,105,82,88,117,149,91,105,95,88,120,50,144,21,32,2,1,0,11,11,12,26,27,51
India,Punjab,20,5022577,84645,81177,21485,104,81,86,114,145,89,101,92,86,118,48,142,20,32,2,1,0,10,10,10,23,24,46
India,Punjab,25,5022577,80629,78303,21485,104,81,85,113,144,88,100,91,85,116,48,140,19,31,2,1,0,10,9,10,20,23,41
India,Punjab,30,5022577,74700,69345,21485,102,80,85,113,143,87,99,89,84,115,48,138,17,29,2,1,0,8,7,7,17,19,35
India,Punjab,50,5022577,47188,42314,21485,91,66,71,91,121,72,74,64,69,96,37,110,11,22,1,1,0,5,3,4,10,10,19
India,Punjab,75,5022577,14595,8755,21485,62,34,37,48,70,43,35,27,34,47,17,55,3,8,0,0,0,0,0,1,3,3,6
India,Rajasthan,0,34190098,34190098,34190098,12822,16,23,18,31,24,22,66,48,45,10,32,37,30,21,0,0,0,0,0,1,0,0,897
India,Rajasthan,10,34190098,46299,21424,12822,15,19,15,27,21,14,40,37,35,8,20,21,0,0,0,0,0,0,0,0,0,0,4
India,Rajasthan,15,34190098,27617,10502,12822,14,18,15,26,20,14,39,37,34,8,20,19,0,0,0,0,0,0,0,0,0,0,4
India,Rajasthan,20,34190098,22609,7816,12822,14,18,14,26,20,13,38,36,33,7,20,19,0,0,0,0,0,0,0,0,0,0,4
India,Rajasthan,25,34190098,13789,5357,12822,14,17,14,25,20,12,37,35,33,7,19,19,0,0,0,0,0,0,0,0,0,0,4
India,Rajasthan,30,34190098,12039,4116,12822,14,17,14,25,20,12,37,35,33,7,19,18,0,0,0,0,0,0,0,0,0,0,3
India,Rajasthan,50,34190098,2335,379,12822,11,11,12,20,16,10,29,29,28,4,9,15,0,0,0,0,0,0,0,0,0,0,1
India,Rajasthan,75,34190098,539,12,12822,6,5,7,12,10,4,6,12,20,2,2,6,0,0,0,0,0,0,0,0,0,0,0
India,Sikkim,0,708307,708307,708307,6551,48,12,20,77,31,13,119,141,163,95,316,108,54,47,8,114,142,132,285,303,172,231,636
India,Sikkim,10,708307,272100,279957,6551,43,10,16,58,28,11,100,125,141,83,298,89,27,26,7,61,74,76,182,166,108,149,349
India,Sikkim,15,708307,261454,268647,6551,41,9,16,58,27,11,99,123,140,81,296,87,25,23,6,55,66,69,166,148,100,132,325
India,Sikkim,20,708307,259945,266691,6551,39,9,15,57,27,11,99,122,139,81,295,86,25,23,6,54,65,68,164,146,99,131,322
India,Sikkim,25,708307,257823,258010,6551,38,9,15,57,27,11,98,122,138,80,294,86,24,22,6,49,63,66,160,140,97,128,319
India,Sikkim,30,708307,250451,253761,6551,36,9,15,57,26,11,97,121,137,79,291,84,22,21,6,47,59,62,154,132,90,124,308
India,Sikkim,50,708307,210073,184899,6551,26,8,12,50,23,10,85,109,121,71,269,74,15,15,6,36,39,48,121,105,74,92,241
India,Sikkim,75,708307,107421,81639,6551,14,4,7,34,13,6,47,63,82,54,195,51,6,4,2,10,14,17,46,43,31,36,88
India,Tamil Nadu,0,13028087,13028087,13028087,163913,2257,1292,654,1439,1064,1800,1940,1503,530,115,1916,2514,2958,1977,1703,3168,3327,5194,9879,5885,4247,2664,9317
India,Tamil Nadu,10,13028087,1607799,1390633,163913,2194,1217,612,1325,1013,1720,1831,1403,491,108,1370,1799,738,1129,1104,1494,1766,2302,2547,1527,1423,1253,2647
India,Tamil Nadu,15,13028087,1476596,1206327,163913,2187,1209,607,1311,1007,1707,1817,1393,486,107,1352,1770,706,1092,1076,1441,1697,2207,2401,1449,1370,1200,2501
India,Tamil Nadu,20,13028087,1412456,1171218,163913,2180,1197,601,1295,1000,1698,1801,1380,480,106,1328,1747,685,1068,1061,1406,1657,2148,2280,1395,1329,1169,2419
India,Tamil Nadu,25,13028087,1341990,1105030,163913,2157,1182,590,1274,990,1685,1780,1358,470,103,1308,1712,668,1052,1048,1386,1630,2107,2198,1359,1304,1142,2335
India,Tamil Nadu,30,13028087,1230520,998607,163913,2152,1177,587,1268,986,1675,1769,1350,467,103,1298,1695,643,1023,1022,1341,1582,2027,2064,1291,1256,1100,2187
India,Tamil Nadu,50,13028087,923308,560199,163913,2046,1081,519,1106,913,1546,1615,1214,411,92,1135,1486,552,882,911,1161,1355,1684,1618,1047,1050,928,1704
India,Tamil Nadu,75,13028087,402272,203889,163913,1777,814,345,758,682,1101,1102,828,246,51,700,984,305,460,482,538,647,814,753,428,474,414,689
India,Telangana,0,11471211,11471211,11471211,55683,1364,1461,1852,2112,2270,3116,3825,6814,8059,1813,10563,7672,2524,3992,660,1002,654,1273,1657,780,950,787,6317
India,Telangana,10,11471211,1139909,790240,55683,1152,1207,1507,1641,1772,2404,3012,5587,6809,1524,8684,6619,1476,3204,412,657,457,706,1005,422,354,289,1231
India,Telangana,15,11471211,970654,648170,55683,1115,1141,1437,1518,1664,2246,2837,5265,6383,1428,8094,6344,1396,3106,387,607,432,652,944,390,331,269,1089
India,Telangana,20,11471211,920978,632837,55683,1095,1099,1382,1460,1608,2166,2749,5120,6192,1381,7859,6205,1341,3033,371,567,422,621,882,365,306,250,1028
India,Telangana,25,11471211,845132,595933,55683,1039,1027,1280,1352,1521,2033,2605,4823,5844,1309,7389,5968,1264,2932,352,514,408,582,828,333,280,220,929
India,Telangana,30,11471211,663616,503343,55683,1024,1011,1258,1318,1483,1975,2552,4700,5680,1274,7144,5630,1015,2598,275,413,355,461,700,272,228,168,689
India,Telangana,50,11471211,431620,198576,55683,708,597,766,733,863,1147,1577,2990,3620,838,4380,3789,568,1674,187,270,246,312,428,163,150,101,410
India,Telangana,75,11471211,59026,25821,55683,223,78,124,84,110,119,131,246,335,93,377,358,11,45,17,26,23,31,27,13,10,6,25
India,Tripura,0,1053626,1053626,1053626,16775,3105,1908,1233,2940,1514,6243,5852,5362,5099,3416,2587,2140,3150,6339,4949,6239,17080,8590,12074,12955,12659,12304,14944
India,Tripura,10,1053626,757362,665367,16775,3098,1897,1224,2918,1503,6188,5809,5293,5030,3367,2554,2107,2960,6093,4748,5940,16554,8249,11695,12547,12177,11801,14460
India,Tripura,15,1053626,726046,624129,16775,3096,1893,1220,2911,1499,6174,5793,5278,5012,3354,2544,2099,2847,5809,4476,5671,15881,7859,11216,12069,11617,11417,14061
India,Tripura,20,1053626,714363,616959,16775,3094,1891,1219,2907,1496,6164,5781,5265,5002,3347,2537,2094,2830,5779,4454,5640,15824,7824,11174,12022,11565,11353,14000
India,Tripura,25,1053626,701385,603250,16775,3093,1889,1218,2905,1495,6156,5775,5256,4994,3340,2531,2091,2814,5762,4443,5622,15801,7804,11152,11998,11537,11314,13967
India,Tripura,30,1053626,669293,569718,16775,3090,1888,1216,2900,1493,6144,5763,5246,4980,3331,2522,2082,2661,5394,4096,5226,14964,7260,10569,11376,10866,10823,13523
India,Tripura,50,1053626,582051,434984,16775,3047,1826,1168,2792,1432,5921,5542,4987,4734,3155,2387,1972,2436,5019,3830,4841,14216,6809,10002,10805,10248,10107,12728
India,Tripura,75,1053626,210173,154536,16775,2709,1487,890,2117,1100,4446,4112,3451,3283,2207,1588,1386,727,1742,1423,1884,6039,2566,4074,4349,3959,3473,4496
India,Uttar Pradesh,0,24075139,24075139,24075139,122778,686,322,265,615,859,841,997,807,1090,787,1331,1612,477,496,207,236,83,164,83,95,43,40,898
India,Uttar Pradesh,10,24075139,599914,596463,122778,557,171,125,303,316,447,433,303,434,303,569,555,91,173,112,152,44,86,20,9,5,9,123
India,Uttar Pradesh,15,24075139,509796,482370,122778,546,163,119,289,286,430,412,283,405,275,541,524,81,153,99,142,42,80,17,8,4,8,98
India,Uttar Pradesh,20,24075139,490902,465436,122778,540,157,113,272,261,402,373,254,366,242,511,483,77,138,93,136,42,76,14,7,3,8,92
India,Uttar Pradesh,25,24075139,442885,441506,122778,524,149,106,256,246,386,358,242,353,231,491,456,72,114,80,124,40,72,13,7,3,7,80
India,Uttar Pradesh,30,24075139,359975,369931,122778,522,147,105,254,244,382,353,240,349,228,483,446,63,104,68,115,39,66,11,6,3,6,71
India,Uttar Pradesh,50,24075139,217561,181228,122778,392,97,65,151,132,250,189,125,206,99,294,260,27,18,11,9,21,13,2,4,2,3,28
India,Uttar Pradesh,75,24075139,29301,16255,122778,183,46,23,61,58,94,65,42,65,22,109,109,4,1,1,1,2,5,0,1,0,0,1
India,Uttarakhand,0,5380852,5380852,5380852,39587,393,647,464,951,1026,1471,1196,1896,1088,900,1086,1657,899,957,1177,1309,859,827,1147,1313,2177,1114,3001
India,Uttarakhand,10,5380852,2149827,2006708,39587,343,553,290,832,688,1210,1056,1757,987,735,888,1438,552,668,860,973,726,658,861,1077,1863,876,2149
India,Uttarakhand,15,5380852,2062272,1912411,39587,338,544,280,818,662,1183,1040,1739,972,722,863,1409,525,649,837,947,716,643,832,1044,1834,853,2089
India,Uttarakhand,20,5380852,2040365,1898818,39587,336,540,275,810,645,1165,1028,1729,963,712,846,1395,506,636,820,931,711,639,819,1032,1822,844,2060
India,Uttarakhand,25,5380852,2001006,1772605,39587,332,537,271,804,637,1155,1020,1718,955,705,827,1375,488,624,799,911,702,633,808,1018,1806,832,2027
India,Uttarakhand,30,5380852,1948840,1731225,39587,330,535,269,800,631,1148,1014,1709,951,701,811,1364,468,607,779,885,690,622,788,992,1778,813,1977
India,Uttarakhand,50,5380852,1637553,1351637,39587,275,460,211,705,515,990,876,1496,822,614,655,1205,363,505,632,721,602,564,656,867,1649,722,1720
India,Uttarakhand,75,5380852,973083,758336,39587,165,323,110,466,314,541,472,901,549,398,340,805,146,255,271,412,265,299,344,371,909,392,800
India,West Bengal,0,8536526,8536526,8536526,132366,462,478,254,1011,555,1427,1774,1919,1236,2452,1216,2135,1113,2676,1496,2899,2542,1876,2239,2109,1842,1554,3107
India,West Bengal,10,8536526,677196,553926,132366,405,378,206,613,473,818,1569,1599,949,2110,992,1345,425,846,203,371,603,382,476,404,526,601,722
India,West Bengal,15,8536526,508578,407393,132366,398,371,201,596,462,803,1541,1570,927,2071,970,1298,396,788,186,333,564,351,435,364,497,574,659
India,West Bengal,20,8536526,482327,394506,132366,395,367,198,586,457,795,1527,1555,914,2050,962,1277,376,749,175,307,543,335,410,342,477,560,622
India,West Bengal,25,8536526,441567,375678,132366,390,362,196,576,451,785,1516,1543,908,2035,954,1254,361,705,158,263,506,306,377,313,451,537,574
India,West Bengal,30,8536526,407919,331883,132366,387,359,194,570,447,777,1503,1534,897,2021,946,1228,331,653,148,245,483,284,345,282,423,508,528
India,West Bengal,50,8536526,290585,196782,132366,321,282,148,357,352,576,1265,1267,729,1669,770,941,211,436,111,177,377,212,241,178,294,376,333
India,West Bengal,75,8536526,91425,53686,132366,200,135,72,143,179,250,655,621,320,676,309,379,24,46,11,29,70,30,31,26,64,53,57
